Emp_personal_ID,Employee_ID,Marital_status,Qualification,Last_employer,Last_employer_address,Last_employer_contact,Previous_role,Tax_ID,Date_of_birth,Nationality,Blood_group
111,10001,married,masters,SAP,Heidelberg,54542,Developer,678,11-02-92,Indian,AB+
112,10002,married,masters,SRH,Heidelberg,54543,Developer,679,12-02-92,Indian,AB+
113,10003,single,masters,SAP,Heidelberg,54544,Developer,680,13-02-92,German,AB+
114,10004,single,MBA,Facebook,Heidelberg,54545,HR,681,14-06-92,German,A+
115,10005,single,MBA,Facebook,Heidelberg,54546,HR,682,15-02-92,German,A+
116,10006,single,MBA,Facebook,Heidelberg,54547,HR,683,16-02-00,German,A+
117,10007,single,MBA,BMW,Heidelberg,54548,Tester,684,17-02-92,Indian,O+
118,10008,single,bachelors,SRH,Mannheim,54549,Tester,685,18-02-92,Indian,O+
119,10009,single,bachelors,SAP,Mannheim,54550,Tester,686,19-09-98,Indian,B+
120,10010,single,bachelors,Audi,Mannheim,54551,Manager,687,20-02-92,Indian,B-
